{"cameraMode":{"drawMode":0,"name":"Shaded","section":"Shading Mode"},"sceneLighting":false,"audioPlay":false,"sceneViewState":{"showFog":true,"showMaterialUpdate":false,"showSkybox":true,"showFlares":true,"showImageEffects":true,"showParticleSystems":true},"in2DMode":false,"pivot":{"x":0.3686465322971344,"y":1.45285964012146,"z":-3.153531551361084},"rotation":{"x":-0.23222242295742036,"y":0.4233258366584778,"z":-0.11320807039737702,"w":-0.8683616518974304},"size":5.985374450683594,"orthographic":false}