{"cameraMode":{"drawMode":0,"name":"Shaded","section":"Shading Mode"},"sceneLighting":false,"audioPlay":false,"sceneViewState":{"showFog":true,"showMaterialUpdate":false,"showSkybox":true,"showFlares":true,"showImageEffects":true,"showParticleSystems":true},"in2DMode":false,"pivot":{"x":-0.7933478355407715,"y":1.285622239112854,"z":-2.5441479682922365},"rotation":{"x":-0.08059971034526825,"y":0.9134777784347534,"z":-0.22239112854003907,"w":-0.33106547594070437},"size":7.9351630210876469,"orthographic":false}